,EVTYPE,mapEVTYPEjw10,mapEVTYPEosa10,adjustedEVTYPE,ManualAdjusted
362,   HIGH SURF ADVISORY,HIGH SURF,NA,HIGH SURF,
356, FLASH FLOOD,FLASH FLOOD,FLASH FLOOD,FLASH FLOOD,
350, TSTM WIND,HIGH WIND,HIGH WIND,THUNDERSTORM WIND,Yes
336, TSTM WIND (G45),STRONG WIND,NA,THUNDERSTORM WIND,Yes
275,?,ASTRONOMICAL LOW TIDE,HAIL,?,Yes
105,APACHE COUNTY,WATERSPOUT,WATERSPOUT,APACHE COUNTY,Yes
363,ASTRONOMICAL HIGH TIDE,ASTRONOMICAL LOW TIDE,ASTRONOMICAL LOW TIDE,ASTRONOMICAL LOW TIDE,
372,ASTRONOMICAL LOW TIDE,ASTRONOMICAL LOW TIDE,ASTRONOMICAL LOW TIDE,ASTRONOMICAL LOW TIDE,
98,AVALANCHE,AVALANCHE,AVALANCHE,AVALANCHE,
293,Beach Erosion,HEAVY RAIN,HEAVY RAIN,HEAVY RAIN,
43,BLIZZARD,BLIZZARD,BLIZZARD,BLIZZARD,
193,BLIZZARD/WINTER STORM,BLIZZARD,WINTER STORM,BLIZZARD,
360,BLOWING DUST,WINTER STORM,BLIZZARD,DUST STORM,Yes
330,blowing snow,WINTER STORM,HEAVY SNOW,HEAVY SNOW,Yes
3,BREAKUP FLOODING,FLASH FLOOD,FLASH FLOOD,FLASH FLOOD,
279,BRUSH FIRE,FROST/FREEZE,WILDFIRE,WILDFIRE,Yes
391,COASTAL  FLOODING/EROSION,COASTAL FLOOD,NA,COASTAL FLOOD,
339,COASTAL EROSION,COASTAL FLOOD,COASTAL FLOOD,COASTAL FLOOD,
73,COASTAL FLOOD,COASTAL FLOOD,COASTAL FLOOD,COASTAL FLOOD,
129,Coastal Flood,COASTAL FLOOD,COASTAL FLOOD,COASTAL FLOOD,
60,COASTAL FLOODING,COASTAL FLOOD,COASTAL FLOOD,COASTAL FLOOD,
137,Coastal Flooding,COASTAL FLOOD,COASTAL FLOOD,COASTAL FLOOD,
377,COASTAL FLOODING/EROSION,COASTAL FLOOD,NA,COASTAL FLOOD,
298,Coastal Storm,DUST STORM,COASTAL FLOOD,DUST STORM,
222,COASTAL SURGE,COASTAL FLOOD,COASTAL FLOOD,STORM SURGE/TIDE,Yes
322,Cold,COLD/WIND CHILL,FLOOD,COLD/WIND CHILL,
342,COLD,COLD/WIND CHILL,FLOOD,COLD/WIND CHILL,
156,COLD AIR TORNADO,TROPICAL STORM,TORNADO,TORNADO,Yes
366,COLD/WIND CHILL,COLD/WIND CHILL,COLD/WIND CHILL,COLD/WIND CHILL,
328,DAM BREAK,HEAVY RAIN,HEAT,HEAVY RAIN,
389,DAMAGING FREEZE,FROST/FREEZE,FROST/FREEZE,FROST/FREEZE,
89,DENSE FOG,DENSE FOG,DENSE FOG,DENSE FOG,
373,DENSE SMOKE,DENSE SMOKE,DENSE SMOKE,DENSE SMOKE,
306,DOWNBURST,DROUGHT,DROUGHT,HEAVY RAIN,Yes
243,DROUGHT,DROUGHT,DROUGHT,DROUGHT,
146,DRY MICROBURST,RIP CURRENT,DROUGHT,THUNDERSTORM WIND,Yes
88,Dust Devil,DUST DEVIL,DUST DEVIL,DUST DEVIL,
106,DUST DEVIL,DUST DEVIL,DUST DEVIL,DUST DEVIL,
181,DUST DEVIL WATERSPOUT,DUST DEVIL,NA,DUST DEVIL,
84,DUST STORM,DUST STORM,DUST STORM,DUST STORM,
194,DUST STORM/HIGH WINDS,DUST STORM,NA,DUST STORM,
385,Erosion/Cstl Flood,COASTAL FLOOD,COASTAL FLOOD,COASTAL FLOOD,
177,EXCESSIVE HEAT,EXCESSIVE HEAT,EXCESSIVE HEAT,EXCESSIVE HEAT,
308,EXCESSIVE SNOW,EXCESSIVE HEAT,EXCESSIVE HEAT,EXCESSIVE HEAT,
303,Extended Cold,EXTREME COLD/WIND CHILL,DENSE FOG,EXTREME COLD/WIND CHILL,
50,EXTREME COLD,EXTREME COLD/WIND CHILL,FUNNEL CLOUD,EXTREME COLD/WIND CHILL,
354,EXTREME COLD/WIND CHILL,EXTREME COLD/WIND CHILL,EXTREME COLD/WIND CHILL,EXTREME COLD/WIND CHILL,
246,EXTREME HEAT,EXCESSIVE HEAT,EXCESSIVE HEAT,EXCESSIVE HEAT,
152,EXTREME WIND CHILL,EXTREME COLD/WIND CHILL,EXTREME COLD/WIND CHILL,EXTREME COLD/WIND CHILL,
301,EXTREME WINDCHILL,EXTREME COLD/WIND CHILL,EXTREME COLD/WIND CHILL,EXTREME COLD/WIND CHILL,
8,FLASH FLOOD,FLASH FLOOD,FLASH FLOOD,FLASH FLOOD,
228,FLASH FLOOD - HEAVY RAIN,FLASH FLOOD,NA,FLASH FLOOD,
48,FLASH FLOOD FROM ICE JAMS,FLASH FLOOD,NA,FLASH FLOOD,
283,FLASH FLOOD LANDSLIDES,FLASH FLOOD,NA,FLASH FLOOD,
119,FLASH FLOOD/,FLASH FLOOD,FLASH FLOOD,FLASH FLOOD,
229,FLASH FLOOD/ STREET,FLASH FLOOD,FLASH FLOOD,FLASH FLOOD,
266,FLASH FLOOD/FLOOD,FLASH FLOOD,FLASH FLOOD,FLASH FLOOD,
281,FLASH FLOOD/LANDSLIDE,FLASH FLOOD,FLASH FLOOD,FLASH FLOOD,
37,FLASH FLOODING,FLASH FLOOD,FLASH FLOOD,FLASH FLOOD,
263,FLASH FLOODING/FLOOD,FLASH FLOOD,FLASH FLOOD,FLASH FLOOD,
95,FLASH FLOODING/THUNDERSTORM WI,FLASH FLOOD,NA,FLASH FLOOD,
202,FLASH FLOODS,FLASH FLOOD,FLASH FLOOD,FLASH FLOOD,
20,FLOOD,FLOOD,FLOOD,FLOOD,
398,FLOOD & HEAVY RAIN,FLOOD,HEAVY RAIN,FLOOD,
245,FLOOD FLASH,FLOOD,FLASH FLOOD,FLOOD,
402,FLOOD/FLASH,FLOOD,FLOOD,FLOOD,
12,FLOOD/FLASH FLOOD,FLOOD,FLASH FLOOD,FLOOD,
309,FLOOD/FLASH/FLOOD,FLOOD,FLASH FLOOD,FLOOD,
76,FLOOD/FLASHFLOOD,FLOOD,FLASH FLOOD,FLOOD,
185,FLOOD/RIVER FLOOD,FLOOD,FLASH FLOOD,FLOOD,
17,FLOODING,FLOOD,FLOOD,FLOOD,
2,FLOODING/HEAVY RAIN,FLOOD,HEAVY RAIN,FLOOD,
52,FLOODS,FLOOD,FLOOD,FLOOD,
230,FOG,FLOOD,FLOOD,DENSE FOG,Yes
381,FOREST FIRES,FROST/FREEZE,FROST/FREEZE,WILDFIRE,Yes
97,FREEZE,FREEZING FOG,SLEET,SLEET,Yes
182,FREEZING DRIZZLE,FREEZING FOG,FREEZING FOG,FREEZING FOG,
312,Freezing Drizzle,FREEZING FOG,FREEZING FOG,FREEZING FOG,
334,Freezing drizzle,FREEZING FOG,FREEZING FOG,FREEZING FOG,
375,FREEZING FOG,FREEZING FOG,FREEZING FOG,FREEZING FOG,
65,FREEZING RAIN,FREEZING FOG,FREEZING FOG,SLEET,Yes
326,Freezing Rain,FREEZING FOG,FREEZING FOG,SLEET,Yes
154,FREEZING RAIN/SLEET,FREEZING FOG,FREEZING FOG,SLEET,Yes
201,FREEZING RAIN/SNOW,FREEZING FOG,FREEZING FOG,SLEET,Yes
331,FROST,FROST/FREEZE,FLOOD,FROST/FREEZE,
367,FROST/FREEZE,FROST/FREEZE,FROST/FREEZE,FROST/FREEZE,
405,Frost/Freeze,FROST/FREEZE,FROST/FREEZE,FROST/FREEZE,
196,FROST\FREEZE,FROST/FREEZE,FROST/FREEZE,FROST/FREEZE,
116,FUNNEL CLOUD,FUNNEL CLOUD,FUNNEL CLOUD,FUNNEL CLOUD,
188,GLAZE,LAKESHORE FLOOD,FLOOD,SLEET,Yes
302,Glaze,LAKESHORE FLOOD,FLOOD,SLEET,Yes
141,GLAZE ICE,LAKE-EFFECT SNOW,SEICHE,SLEET,Yes
189,gradient wind,THUNDERSTORM WIND,HIGH WIND,THUNDERSTORM WIND,
190,Gradient wind,THUNDERSTORM WIND,HIGH WIND,THUNDERSTORM WIND,
332,GRADIENT WIND,THUNDERSTORM WIND,HIGH WIND,THUNDERSTORM WIND,
165,GRASS FIRES,FROST/FREEZE,FLASH FLOOD,WILDFIRE,Yes
44,GROUND BLIZZARD,DROUGHT,BLIZZARD,BLIZZARD,Yes
150,GUSTNADO,TORNADO,TORNADO,TORNADO,
66,GUSTY WIND,HIGH WIND,HIGH WIND,HIGH WIND,
347,GUSTY WIND/HAIL,DUST DEVIL,DUST DEVIL,DUST DEVIL,
313,GUSTY WIND/HVY RAIN,DUST DEVIL,NA,DUST DEVIL,
133,Gusty wind/rain,STRONG WIND,DUST DEVIL,STRONG WIND,
108,GUSTY WINDS,HIGH WIND,HIGH WIND,HIGH WIND,
159,Gusty Winds,HIGH WIND,HIGH WIND,HIGH WIND,
11,HAIL,HAIL,HAIL,HAIL,
215,HAIL 0.75,HAIL,HAIL,HAIL,
198,HAIL 100,HAIL,HAIL,HAIL,
264,HAIL 175,HAIL,HAIL,HAIL,
265,HAIL 275,HAIL,HAIL,HAIL,
397,HAIL 450,HAIL,HAIL,HAIL,
248,HAIL 75,HAIL,HAIL,HAIL,
75,HAIL DAMAGE,HAIL,HAIL,HAIL,
167,HAIL/WIND,HAIL,HIGH WIND,HAIL,
162,HAIL/WINDS,HAIL,HIGH WIND,HAIL,
392,HAILSTORM,HAIL,ICE STORM,HAIL,
42,HEAT,HEAT,HEAT,HEAT,
200,HEAT WAVE,HEAT,HEAT,HEAT,
249,HEAT WAVE DROUGHT,HEAT,DROUGHT,HEAT,
179,HEAVY LAKE SNOW,HEAVY SNOW,HEAVY SNOW,HEAVY SNOW,
209,HEAVY MIX,HEAVY RAIN,HEAVY RAIN,HEAVY RAIN,
240,HEAVY PRECIPITATION,HEAVY RAIN,HEAVY RAIN,HEAVY RAIN,
34,HEAVY RAIN,HEAVY RAIN,HEAVY RAIN,HEAVY RAIN,
203,HEAVY RAIN AND FLOOD,HEAVY RAIN,HEAVY RAIN,HEAVY RAIN,
382,Heavy Rain/High Surf,HEAVY RAIN,HEAVY RAIN,HEAVY RAIN,
390,HEAVY RAIN/LIGHTNING,HEAVY RAIN,HEAVY RAIN,HEAVY RAIN,
24,HEAVY RAIN/SEVERE WEATHER,HEAVY RAIN,NA,HEAVY RAIN,
282,HEAVY RAIN/SMALL STREAM URBAN,HEAVY RAIN,NA,HEAVY RAIN,
140,HEAVY RAIN/SNOW,HEAVY RAIN,HEAVY RAIN,HEAVY RAIN,
64,HEAVY RAINS,HEAVY RAIN,HEAVY RAIN,HEAVY RAIN,
61,HEAVY RAINS/FLOODING,HEAVY RAIN,HEAVY RAIN,HEAVY RAIN,
280,HEAVY SHOWER,HEAVY SNOW,HEAVY SNOW,HEAVY RAIN,Yes
18,HEAVY SNOW,HEAVY SNOW,HEAVY SNOW,HEAVY SNOW,
388,HEAVY SNOW AND STRONG WINDS,HEAVY SNOW,NA,HEAVY SNOW,
305,Heavy snow shower,HEAVY SNOW,HEAVY SNOW,HEAVY SNOW,
45,HEAVY SNOW SQUALLS,HEAVY SNOW,HEAVY SNOW,HEAVY SNOW,
231,HEAVY SNOW/BLIZZARD,HEAVY SNOW,HEAVY SNOW,HEAVY SNOW,
376,HEAVY SNOW/BLIZZARD/AVALANCHE,HEAVY SNOW,NA,HEAVY SNOW,
404,HEAVY SNOW/FREEZING RAIN,HEAVY SNOW,NA,HEAVY SNOW,
400,HEAVY SNOW/HIGH WINDS & FLOOD,HEAVY SNOW,NA,HEAVY SNOW,
58,HEAVY SNOW/ICE,HEAVY SNOW,HEAVY SNOW,HEAVY SNOW,
208,HEAVY SNOW/SQUALLS,HEAVY SNOW,HEAVY SNOW,HEAVY SNOW,
104,HEAVY SNOW/WIND,HEAVY SNOW,HEAVY SNOW,HEAVY SNOW,
191,HEAVY SNOW/WINTER STORM,HEAVY SNOW,NA,HEAVY SNOW,
394,HEAVY SNOWPACK,HEAVY SNOW,HEAVY SNOW,HEAVY SNOW,
46,HEAVY SNOW-SQUALLS,HEAVY SNOW,HEAVY SNOW,HEAVY SNOW,
120,HEAVY SURF,HEAVY RAIN,HEAVY SNOW,HIGH SURF,Yes
288,Heavy Surf,HEAVY RAIN,HEAVY SNOW,HIGH SURF,Yes
109,HEAVY SURF COASTAL FLOODING,HEAT,NA,HIGH SURF,Yes
355,HEAVY SURF/HIGH SURF,HEAVY RAIN,NA,HIGH SURF,Yes
81,HEAVY SWELLS,HEAVY SNOW,HEAVY SNOW,HIGH SURF,Yes
143,HIGH  WINDS,HIGH WIND,HIGH WIND,HIGH WIND,
101,HIGH SEAS,HIGH SURF,HIGH SURF,HIGH SURF,
117,HIGH SURF,HIGH SURF,HIGH SURF,HIGH SURF,
294,High Surf,HIGH SURF,HIGH SURF,HIGH SURF,
335,HIGH SWELLS,HIGH SURF,HIGH SURF,HIGH SURF,
15,HIGH TIDES,HIGH WIND,HIGH WIND,HIGH SURF,Yes
77,HIGH WATER,HIGH SURF,HIGH WIND,HIGH SURF,
1,HIGH WIND,HIGH WIND,HIGH WIND,HIGH WIND,
338,HIGH WIND (G40),HIGH WIND,HIGH WIND,HIGH WIND,
277,HIGH WIND 48,HIGH WIND,HIGH WIND,HIGH WIND,
273,HIGH WIND AND SEAS,HIGH WIND,HIGH WIND,HIGH WIND,
383,HIGH WIND DAMAGE,HIGH WIND,HIGH WIND,HIGH WIND,
241,HIGH WIND/BLIZZARD,HIGH WIND,HIGH WIND,HIGH WIND,
238,HIGH WIND/HEAVY SNOW,HIGH WIND,HEAVY SNOW,HIGH WIND,
99,HIGH WIND/SEAS,HIGH WIND,HIGH WIND,HIGH WIND,
5,HIGH WINDS,HIGH WIND,HIGH WIND,HIGH WIND,
399,HIGH WINDS HEAVY RAINS,HIGH WIND,NA,HIGH WIND,
138,HIGH WINDS/,HIGH WIND,HIGH WIND,HIGH WIND,
386,HIGH WINDS/COASTAL FLOOD,HIGH WIND,NA,HIGH WIND,
255,HIGH WINDS/COLD,HIGH WIND,HIGH WIND,HIGH WIND,
100,HIGH WINDS/HEAVY RAIN,HIGH WIND,NA,HIGH WIND,
257,HIGH WINDS/SNOW,HIGH WIND,HIGH WIND,HIGH WIND,
25,HURRICANE,HURRICANE (TYPHOON),SEICHE,HURRICANE (TYPHOON),
384,HURRICANE EMILY,HURRICANE (TYPHOON),MARINE HAIL,HURRICANE (TYPHOON),
41,HURRICANE ERIN,HURRICANE (TYPHOON),HURRICANE (TYPHOON),HURRICANE (TYPHOON),
223,HURRICANE FELIX,HURRICANE (TYPHOON),HURRICANE (TYPHOON),HURRICANE (TYPHOON),
53,HURRICANE GORDON,HURRICANE (TYPHOON),HURRICANE (TYPHOON),HURRICANE (TYPHOON),
21,HURRICANE OPAL,HURRICANE (TYPHOON),HURRICANE (TYPHOON),HURRICANE (TYPHOON),
30,HURRICANE OPAL/HIGH WINDS,MARINE HIGH WIND,NA,HURRICANE (TYPHOON),Yes
22,HURRICANE/TYPHOON,HURRICANE (TYPHOON),HURRICANE (TYPHOON),HURRICANE (TYPHOON),
175,HURRICANE-GENERATED SWELLS,HURRICANE (TYPHOON),NA,HURRICANE (TYPHOON),
47,ICE,ICE STORM,SEICHE,ICE STORM,
403,ICE AND SNOW,ICE STORM,HEAVY SNOW,ICE STORM,
178,ICE FLOES,ICE STORM,ICE STORM,ICE STORM,
195,ICE JAM,ICE STORM,ICE STORM,ICE STORM,
285,Ice jam flood (minor,FLOOD,NA,FLOOD,
155,ICE JAM FLOODING,FLASH FLOOD,COASTAL FLOOD,FLASH FLOOD,
321,ICE ROADS,ICE STORM,ICE STORM,ICE STORM,
16,ICE STORM,ICE STORM,ICE STORM,ICE STORM,
378,ICE/STRONG WINDS,STRONG WIND,STRONG WIND,STRONG WIND,
250,ICY ROADS,TROPICAL DEPRESSION,ICE STORM,ICE STORM,Yes
325,Lake Effect Snow,LAKE-EFFECT SNOW,LAKE-EFFECT SNOW,LAKE-EFFECT SNOW,
352,LAKE EFFECT SNOW,LAKE-EFFECT SNOW,LAKE-EFFECT SNOW,LAKE-EFFECT SNOW,
166,LAKE FLOOD,FLASH FLOOD,FLASH FLOOD,COASTAL FLOOD,Yes
361,LAKE-EFFECT SNOW,LAKE-EFFECT SNOW,LAKE-EFFECT SNOW,LAKE-EFFECT SNOW,
369,LAKESHORE FLOOD,LAKESHORE FLOOD,LAKESHORE FLOOD,LAKESHORE FLOOD,
272,LANDSLIDE,FLASH FLOOD,WILDFIRE,DEBRIS FLOW,Yes
214,LANDSLIDES,FLASH FLOOD,SLEET,DEBRIS FLOW,Yes
297,Landslump,FLASH FLOOD,HAIL,DEBRIS FLOW,Yes
351,LANDSPOUT,WATERSPOUT,WATERSPOUT,DEBRIS FLOW,Yes
357,LATE SEASON SNOW,MARINE STRONG WIND,LAKE-EFFECT SNOW,MARINE STRONG WIND,
320,LIGHT FREEZING RAIN,LIGHTNING,FREEZING FOG,LIGHTNING,Yes
86,Light snow,LIGHTNING,LIGHTNING,LIGHT SNOW,Yes
87,Light Snow,LIGHTNING,LIGHTNING,LIGHT SNOW,Yes
295,LIGHT SNOW,LIGHTNING,LIGHTNING,LIGHT SNOW,Yes
311,Light Snowfall,LIGHTNING,HIGH SURF,LIGHT SNOW,Yes
237,LIGHTING,LIGHTNING,LIGHTNING,LIGHTNING,
7,LIGHTNING,LIGHTNING,LIGHTNING,LIGHTNING,
234,LIGHTNING  WAUSEON,LIGHTNING,LIGHTNING,LIGHTNING,
94,LIGHTNING AND HEAVY RAIN,LIGHTNING,NA,LIGHTNING,
396,LIGHTNING FIRE,LIGHTNING,LIGHTNING,LIGHTNING,
128,LIGHTNING THUNDERSTORM WINDS,LIGHTNING,MARINE THUNDERSTORM WIND,LIGHTNING,
96,LIGHTNING/HEAVY RAIN,LIGHTNING,HEAVY RAIN,LIGHTNING,
136,LIGNTNING,LIGHTNING,LIGHTNING,LIGHTNING,
380,MAJOR FLOOD,LAKESHORE FLOOD,FLASH FLOOD,FLASH FLOOD,Yes
289,Marine Accident,MARINE HAIL,MARINE HAIL,Marine Accident,Yes
370,MARINE HAIL,MARINE HAIL,MARINE HAIL,MARINE HAIL,
364,MARINE HIGH WIND,MARINE HIGH WIND,MARINE HIGH WIND,MARINE HIGH WIND,
365,MARINE STRONG WIND,MARINE STRONG WIND,MARINE STRONG WIND,MARINE STRONG WIND,
371,MARINE THUNDERSTORM WIND,MARINE THUNDERSTORM WIND,MARINE THUNDERSTORM WIND,MARINE THUNDERSTORM WIND,
244,MARINE TSTM WIND,MARINE STRONG WIND,MARINE HIGH WIND,MARINE THUNDERSTORM WIND,Yes
192,MICROBURST,DROUGHT,DROUGHT,THUNDERSTORM WIND,Yes
307,Microburst,DROUGHT,DROUGHT,THUNDERSTORM WIND,Yes
122,MICROBURST WINDS,THUNDERSTORM WIND,STRONG WIND,THUNDERSTORM WIND,Yes
130,MINOR FLOODING,LAKESHORE FLOOD,FLASH FLOOD,LAKESHORE FLOOD,
327,Mixed Precipitation,TROPICAL DEPRESSION,NA,TROPICAL DEPRESSION,
344,MIXED PRECIPITATION,TROPICAL DEPRESSION,NA,TROPICAL DEPRESSION,
142,MUD SLIDE,DUST DEVIL,DUST STORM,DEBRIS FLOW,Yes
145,MUD SLIDES,DUST DEVIL,SLEET,DEBRIS FLOW,Yes
186,MUD SLIDES URBAN FLOODING,DEBRIS FLOW,NA,DEBRIS FLOW,
206,MUDSLIDE,DUST DEVIL,SEICHE,DEBRIS FLOW,Yes
111,MUDSLIDES,DUST DEVIL,SLEET,DEBRIS FLOW,Yes
329,NON-SEVERE WIND DAMAGE,MARINE STRONG WIND,NA,MARINE STRONG WIND,
358,NON-TSTM WIND,STRONG WIND,HIGH WIND,STRONG WIND,
284,Other,THUNDERSTORM WIND,HEAT,OTHER,Yes
324,OTHER,THUNDERSTORM WIND,HEAT,OTHER,Yes
80,RAIN,MARINE HAIL,HAIL,HEAVY RAIN,Yes
112,RAINSTORM,ICE STORM,ICE STORM,HEAVY RAIN,Yes
71,RECORD COLD,LAKESHORE FLOOD,DEBRIS FLOW,EXTREME COLD/WIND CHILL,Yes
103,RECORD RAINFALL,DEBRIS FLOW,HEAVY RAIN,DEBRIS FLOW,
212,RECORD SNOW,HEAVY SNOW,HEAVY SNOW,HEAVY SNOW,
374,RIP CURRENT,RIP CURRENT,RIP CURRENT,RIP CURRENT,
348,RIP CURRENTS,RIP CURRENT,RIP CURRENT,RIP CURRENT,
176,RIVER AND STREAM FLOOD,MARINE THUNDERSTORM WIND,NA,FLASH FLOOD,Yes
23,RIVER FLOOD,FLASH FLOOD,FLASH FLOOD,FLASH FLOOD,
72,RIVER FLOODING,FLOOD,FLASH FLOOD,FLOOD,
291,River Flooding,FLOOD,FLASH FLOOD,FLOOD,
292,ROCK SLIDE,TROPICAL DEPRESSION,ICE STORM,DEBRIS FLOW,Yes
287,ROUGH SURF,DROUGHT,HIGH SURF,HIGH SURF,Yes
144,RURAL FLOOD,COASTAL FLOOD,COASTAL FLOOD,FLOOD,Yes
340,SEICHE,SEICHE,SEICHE,SEICHE,
32,SEVERE THUNDERSTORM,MARINE THUNDERSTORM WIND,MARINE THUNDERSTORM WIND,MARINE THUNDERSTORM WIND,
114,SEVERE THUNDERSTORM WINDS,MARINE THUNDERSTORM WIND,MARINE THUNDERSTORM WIND,MARINE THUNDERSTORM WIND,
113,SEVERE THUNDERSTORMS,MARINE THUNDERSTORM WIND,MARINE THUNDERSTORM WIND,MARINE THUNDERSTORM WIND,
102,SEVERE TURBULENCE,SLEET,NA,SLEET,
147,SLEET/ICE STORM,DUST STORM,ICE STORM,DUST STORM,
323,SMALL HAIL,MARINE HAIL,MARINE HAIL,MARINE HAIL,
67,SNOW,STRONG WIND,FLOOD,STRONG WIND,
316,Snow,STRONG WIND,FLOOD,STRONG WIND,
258,SNOW ACCUMULATION,ASTRONOMICAL LOW TIDE,NA,HEAVY SNOW,Yes
151,SNOW AND HEAVY SNOW,STRONG WIND,HEAVY SNOW,HEAVY SNOW,Yes
163,SNOW AND ICE,STRONG WIND,WILDFIRE,HEAVY SNOW,Yes
169,SNOW AND ICE STORM,TROPICAL STORM,ICE STORM,HEAVY SNOW,Yes
70,SNOW FREEZING RAIN,MARINE STRONG WIND,FREEZING FOG,HEAVY SNOW,Yes
38,SNOW SQUALL,STORM SURGE/TIDE,HIGH SURF,HEAVY SNOW,Yes
49,SNOW SQUALLS,STORM SURGE/TIDE,HIGH SURF,HEAVY SNOW,Yes
310,Snow Squalls,STORM SURGE/TIDE,HIGH SURF,HEAVY SNOW,Yes
62,SNOW/ BITTER COLD,ASTRONOMICAL LOW TIDE,NA,EXTREME COLD/WIND CHILL,Yes
259,SNOW/ ICE,COLD/WIND CHILL,SEICHE,HEAVY SNOW,Yes
260,SNOW/BLOWING SNOW,STRONG WIND,NA,HEAVY SNOW,Yes
69,SNOW/COLD,COLD/WIND CHILL,FLOOD,HEAVY SNOW,Yes
387,SNOW/FREEZING RAIN,STRONG WIND,FREEZING FOG,HEAVY SNOW,Yes
153,SNOW/HEAVY SNOW,HEAVY RAIN,HEAVY SNOW,WINTER STORM,Yes
256,SNOW/HIGH WINDS,HIGH WIND,HIGH WIND,WINTER STORM,Yes
247,SNOW/ICE,SEICHE,SEICHE,HEAVY SNOW,Yes
207,SNOW/ICE STORM,WINTER STORM,ICE STORM,WINTER STORM,
210,SNOW/SLEET,STORM SURGE/TIDE,SLEET,SLEET,Yes
211,SNOW/SLEET/FREEZING RAIN,SLEET,NA,SLEET,
261,SNOWMELT FLOODING,COASTAL FLOOD,COASTAL FLOOD,COASTAL FLOOD,
56,STORM FORCE WINDS,STRONG WIND,STORM SURGE/TIDE,STRONG WIND,
26,STORM SURGE,STORM SURGE/TIDE,STORM SURGE/TIDE,STORM SURGE/TIDE,
28,STORM SURGE/TIDE,STORM SURGE/TIDE,STORM SURGE/TIDE,STORM SURGE/TIDE,
118,STRONG WIND,STRONG WIND,STRONG WIND,STRONG WIND,
290,Strong Wind,STRONG WIND,STRONG WIND,STRONG WIND,
57,STRONG WINDS,STRONG WIND,STRONG WIND,STRONG WIND,
315,Strong Winds,STRONG WIND,STRONG WIND,STRONG WIND,
235,THUDERSTORM WINDS,THUNDERSTORM WIND,THUNDERSTORM WIND,THUNDERSTORM WIND,
253,THUNDEERSTORM WINDS,THUNDERSTORM WIND,THUNDERSTORM WIND,THUNDERSTORM WIND,
251,THUNDERESTORM WINDS,THUNDERSTORM WIND,THUNDERSTORM WIND,THUNDERSTORM WIND,
139,THUNDERSNOW,THUNDERSTORM WIND,HEAVY SNOW,THUNDERSTORM WIND,
54,THUNDERSTORM,THUNDERSTORM WIND,THUNDERSTORM WIND,THUNDERSTORM WIND,
170,THUNDERSTORM  WINDS,THUNDERSTORM WIND,THUNDERSTORM WIND,THUNDERSTORM WIND,
226,THUNDERSTORM DAMAGE TO,THUNDERSTORM WIND,THUNDERSTORM WIND,THUNDERSTORM WIND,
232,THUNDERSTORM HAIL,THUNDERSTORM WIND,THUNDERSTORM WIND,THUNDERSTORM WIND,
9,THUNDERSTORM WIND,THUNDERSTORM WIND,THUNDERSTORM WIND,THUNDERSTORM WIND,
224,THUNDERSTORM WIND 60 MPH,THUNDERSTORM WIND,THUNDERSTORM WIND,THUNDERSTORM WIND,
227,THUNDERSTORM WIND 65 MPH,THUNDERSTORM WIND,THUNDERSTORM WIND,THUNDERSTORM WIND,
216,THUNDERSTORM WIND 65MPH,THUNDERSTORM WIND,THUNDERSTORM WIND,THUNDERSTORM WIND,
219,THUNDERSTORM WIND 98 MPH,THUNDERSTORM WIND,THUNDERSTORM WIND,THUNDERSTORM WIND,
33,THUNDERSTORM WIND G50,THUNDERSTORM WIND,THUNDERSTORM WIND,THUNDERSTORM WIND,
199,THUNDERSTORM WIND G55,THUNDERSTORM WIND,THUNDERSTORM WIND,THUNDERSTORM WIND,
220,THUNDERSTORM WIND TREES,THUNDERSTORM WIND,THUNDERSTORM WIND,THUNDERSTORM WIND,
55,THUNDERSTORM WIND/ TREE,THUNDERSTORM WIND,THUNDERSTORM WIND,THUNDERSTORM WIND,
217,THUNDERSTORM WIND/ TREES,THUNDERSTORM WIND,THUNDERSTORM WIND,THUNDERSTORM WIND,
218,THUNDERSTORM WIND/AWNING,THUNDERSTORM WIND,THUNDERSTORM WIND,THUNDERSTORM WIND,
262,THUNDERSTORM WIND/HAIL,THUNDERSTORM WIND,THUNDERSTORM WIND,THUNDERSTORM WIND,
173,THUNDERSTORM WIND/LIGHTNING,THUNDERSTORM WIND,THUNDERSTORM WIND,THUNDERSTORM WIND,
6,THUNDERSTORM WINDS,THUNDERSTORM WIND,THUNDERSTORM WIND,THUNDERSTORM WIND,
135,THUNDERSTORM WINDS 13,THUNDERSTORM WIND,THUNDERSTORM WIND,THUNDERSTORM WIND,
225,THUNDERSTORM WINDS 63 MPH,THUNDERSTORM WIND,THUNDERSTORM WIND,THUNDERSTORM WIND,
239,THUNDERSTORM WINDS AND,THUNDERSTORM WIND,THUNDERSTORM WIND,THUNDERSTORM WIND,
63,THUNDERSTORM WINDS HAIL,THUNDERSTORM WIND,THUNDERSTORM WIND,THUNDERSTORM WIND,
39,THUNDERSTORM WINDS LIGHTNING,THUNDERSTORM WIND,NA,THUNDERSTORM WIND,
197,THUNDERSTORM WINDS.,THUNDERSTORM WIND,THUNDERSTORM WIND,THUNDERSTORM WIND,
271,THUNDERSTORM WINDS/ FLOOD,THUNDERSTORM WIND,THUNDERSTORM WIND,THUNDERSTORM WIND,
252,THUNDERSTORM WINDS/FLOODING,THUNDERSTORM WIND,THUNDERSTORM WIND,THUNDERSTORM WIND,
107,THUNDERSTORM WINDS/FUNNEL CLOU,THUNDERSTORM WIND,NA,THUNDERSTORM WIND,
92,THUNDERSTORM WINDS/HAIL,THUNDERSTORM WIND,THUNDERSTORM WIND,THUNDERSTORM WIND,
134,THUNDERSTORM WINDS53,THUNDERSTORM WIND,THUNDERSTORM WIND,THUNDERSTORM WIND,
233,THUNDERSTORM WINDSHAIL,THUNDERSTORM WIND,THUNDERSTORM WIND,THUNDERSTORM WIND,
14,THUNDERSTORM WINDSS,THUNDERSTORM WIND,THUNDERSTORM WIND,THUNDERSTORM WIND,
90,THUNDERSTORM WINS,THUNDERSTORM WIND,THUNDERSTORM WIND,THUNDERSTORM WIND,
115,THUNDERSTORMS,THUNDERSTORM WIND,THUNDERSTORM WIND,THUNDERSTORM WIND,
171,THUNDERSTORMS WIND,THUNDERSTORM WIND,THUNDERSTORM WIND,THUNDERSTORM WIND,
78,THUNDERSTORMS WINDS,THUNDERSTORM WIND,THUNDERSTORM WIND,THUNDERSTORM WIND,
68,THUNDERSTORMW,THUNDERSTORM WIND,THUNDERSTORM WIND,THUNDERSTORM WIND,
274,THUNDERSTORMWINDS,THUNDERSTORM WIND,THUNDERSTORM WIND,THUNDERSTORM WIND,
276,THUNDERSTROM WIND,THUNDERSTORM WIND,THUNDERSTORM WIND,THUNDERSTORM WIND,
160,THUNDERTORM WINDS,THUNDERSTORM WIND,THUNDERSTORM WIND,THUNDERSTORM WIND,
254,THUNERSTORM WINDS,THUNDERSTORM WIND,THUNDERSTORM WIND,THUNDERSTORM WIND,
300,Tidal Flooding,COASTAL FLOOD,COASTAL FLOOD,COASTAL FLOOD,
345,TIDAL FLOODING,COASTAL FLOOD,COASTAL FLOOD,COASTAL FLOOD,
4,TORNADO,TORNADO,TORNADO,TORNADO,
91,TORNADO F0,TORNADO,TORNADO,TORNADO,
187,TORNADO F1,TORNADO,TORNADO,TORNADO,
221,TORNADO F2,TORNADO,TORNADO,TORNADO,
183,TORNADO F3,TORNADO,TORNADO,TORNADO,
31,"TORNADOES, TSTM WIND, HAIL",TORNADO,NA,TORNADO,
184,TORNDAO,TORNADO,TORNADO,TORNADO,
359,TROPICAL DEPRESSION,TROPICAL DEPRESSION,TROPICAL DEPRESSION,TROPICAL DEPRESSION,
29,TROPICAL STORM,TROPICAL STORM,TROPICAL STORM,TROPICAL STORM,
395,TROPICAL STORM ALBERTO,TROPICAL STORM,TROPICAL STORM,TROPICAL STORM,
270,TROPICAL STORM DEAN,TROPICAL STORM,TROPICAL STORM,TROPICAL STORM,
126,TROPICAL STORM GORDON,TROPICAL STORM,TROPICAL STORM,TROPICAL STORM,
127,TROPICAL STORM JERRY,TROPICAL STORM,TROPICAL STORM,TROPICAL STORM,
13,TSTM WIND,HIGH WIND,HIGH WIND,THUNDERSTORM WIND,Yes
286,Tstm Wind,HIGH WIND,HIGH WIND,THUNDERSTORM WIND,Yes
337,TSTM WIND  (G45),STRONG WIND,NA,THUNDERSTORM WIND,Yes
319,TSTM WIND (41),TSUNAMI,HIGH WIND,THUNDERSTORM WIND,Yes
236,TSTM WIND (G35),STRONG WIND,COLD/WIND CHILL,THUNDERSTORM WIND,Yes
148,TSTM WIND (G40),STRONG WIND,COLD/WIND CHILL,THUNDERSTORM WIND,Yes
149,TSTM WIND (G45),STRONG WIND,COLD/WIND CHILL,THUNDERSTORM WIND,Yes
317,TSTM WIND 40,TSUNAMI,HIGH WIND,THUNDERSTORM WIND,Yes
318,TSTM WIND 45,TSUNAMI,HIGH WIND,THUNDERSTORM WIND,Yes
158,TSTM WIND 55,TSUNAMI,HIGH WIND,THUNDERSTORM WIND,Yes
269,TSTM WIND 65),TSUNAMI,HIGH WIND,THUNDERSTORM WIND,Yes
333,TSTM WIND AND LIGHTNING,MARINE STRONG WIND,NA,THUNDERSTORM WIND,Yes
242,TSTM WIND DAMAGE,TSUNAMI,NA,THUNDERSTORM WIND,Yes
353,TSTM WIND G45,STRONG WIND,HIGH WIND,THUNDERSTORM WIND,Yes
379,TSTM WIND G58,STRONG WIND,HIGH WIND,THUNDERSTORM WIND,Yes
85,TSTM WIND/HAIL,MARINE HAIL,MARINE HAIL,THUNDERSTORM WIND,Yes
267,TSTM WINDS,HIGH WIND,HIGH WIND,THUNDERSTORM WIND,Yes
268,TSTMW,TSUNAMI,TSUNAMI,THUNDERSTORM WIND,Yes
368,TSUNAMI,TSUNAMI,TSUNAMI,TSUNAMI,
172,TUNDERSTORM WIND,THUNDERSTORM WIND,THUNDERSTORM WIND,THUNDERSTORM WIND,
213,TYPHOON,WATERSPOUT,FLOOD,HURRICANE (TYPHOON),Yes
204,URBAN AND SMALL,STRONG WIND,COLD/WIND CHILL,URBAN AND SMALL,Yes
35,URBAN FLOOD,FLASH FLOOD,FLASH FLOOD,FLOOD,Yes
36,URBAN FLOODING,FLOOD,FLASH FLOOD,FLOOD,
83,URBAN FLOODS,FLASH FLOOD,FLASH FLOOD,FLOOD,Yes
82,URBAN SMALL,MARINE HAIL,DENSE SMOKE,URBAN SMALL,Yes
79,URBAN/SMALL STREAM,ASTRONOMICAL LOW TIDE,NA,FLOOD,Yes
40,URBAN/SMALL STREAM FLOOD,COASTAL FLOOD,NA,COASTAL FLOOD,
59,URBAN/SML STREAM FLD,COASTAL FLOOD,NA,COASTAL FLOOD,
346,VOLCANIC ASH,VOLCANIC ASH,VOLCANIC ASH,VOLCANIC ASH,
51,WATERSPOUT,WATERSPOUT,WATERSPOUT,WATERSPOUT,
125,WATERSPOUT-,WATERSPOUT,WATERSPOUT,WATERSPOUT,
124,WATERSPOUT TORNADO,WATERSPOUT,WATERSPOUT,WATERSPOUT,
174,WATERSPOUT/ TORNADO,WATERSPOUT,WATERSPOUT,WATERSPOUT,
123,WATERSPOUT/TORNADO,WATERSPOUT,WATERSPOUT,WATERSPOUT,
131,WATERSPOUT-TORNADO,WATERSPOUT,WATERSPOUT,WATERSPOUT,
205,WET MICROBURST,WINTER STORM,WATERSPOUT,WINTER STORM,
304,Whirlwind,HIGH WIND,HIGH WIND,HIGH WIND,
349,WHIRLWIND,HIGH WIND,HIGH WIND,HIGH WIND,
180,WILD FIRES,WILDFIRE,WILDFIRE,WILDFIRE,
19,WILD/FOREST FIRE,WILDFIRE,WILDFIRE,WILDFIRE,
74,WILD/FOREST FIRES,WILDFIRE,WILDFIRE,WILDFIRE,
27,WILDFIRE,WILDFIRE,WILDFIRE,WILDFIRE,
278,WILDFIRES,WILDFIRE,WILDFIRE,WILDFIRE,
93,WIND,WILDFIRE,FLOOD,HIGH WIND,Yes
314,Wind,WILDFIRE,FLOOD,HIGH WIND,Yes
401,WIND AND WAVE,WINTER WEATHER ,WILDFIRE,MARINE STRONG WIND,Yes
132,Wind Damage,WINTER STORM,WILDFIRE,STRONG WIND,Yes
157,WIND DAMAGE,WINTER STORM,WILDFIRE,STRONG WIND,Yes
164,WIND STORM,ICE STORM,ICE STORM,STRONG WIND,Yes
168,WIND/HAIL,MARINE HAIL,HAIL,HAIL,Yes
121,WINDS,WINTER STORM,FLOOD,STRONG WIND,Yes
10,WINTER STORM,WINTER STORM,WINTER STORM,WINTER STORM,
393,WINTER STORM HIGH WINDS,WINTER STORM,NA,WINTER STORM,
110,WINTER STORMS,WINTER STORM,WINTER STORM,WINTER STORM,
161,WINTER WEATHER,WINTER WEATHER ,WINTER WEATHER ,WINTER WEATHER ,
299,WINTER WEATHER MIX,WINTER WEATHER ,WINTER WEATHER ,WINTER WEATHER ,
341,WINTER WEATHER/MIX,WINTER WEATHER ,WINTER WEATHER ,WINTER WEATHER ,
296,Wintry Mix,WINTER STORM,WINTER STORM,WINTER STORM,
343,WINTRY MIX,WINTER STORM,WINTER STORM,WINTER STORM,
